{
	"info": {
		"_postman_id": "94546e61-a497-42a5-af86-3a0214d1c886",
		"name": "Movie Planet",
		"schema": "https://schema.getpostman.com/json/collection/v2.1.0/collection.json"
	},
	"item": [
		{
			"name": "Add Movie 1",
			"event": [
				{
					"listen": "prerequest",
					"script": {
						"id": "0fba2ac2-5939-48a3-91b3-727925af34d2",
						"exec": [
							""
						],
						"type": "text/javascript"
					}
				}
			],
			"request": {
				"method": "POST",
				"header": [
					{
						"key": "Content-Type",
						"name": "Content-Type",
						"value": "application/json",
						"description": "charset=utf-8",
						"type": "text"
					}
				],
				"body": {
					"mode": "raw",
					"raw": "{\r\n\t\"name\" : \"Movie 1\",\r\n\t\"description\" : \"Description 1\"\r\n}"
				},
				"url": {
					"raw": "http://localhost:8080/movieplanet/api/movies",
					"protocol": "http",
					"host": [
						"localhost"
					],
					"port": "8080",
					"path": [
						"movieplanet",
						"api",
						"movies"
					]
				}
			},
			"response": []
		},
		{
			"name": "Add Movie 2",
			"event": [
				{
					"listen": "prerequest",
					"script": {
						"id": "0fba2ac2-5939-48a3-91b3-727925af34d2",
						"exec": [
							""
						],
						"type": "text/javascript"
					}
				}
			],
			"request": {
				"method": "POST",
				"header": [
					{
						"key": "Content-Type",
						"name": "Content-Type",
						"value": "application/json",
						"description": "charset=utf-8",
						"type": "text"
					}
				],
				"body": {
					"mode": "raw",
					"raw": "{\r\n\t\"name\" : \"Movie 2\",\r\n\t\"description\" : \"Description 2\"\r\n}"
				},
				"url": {
					"raw": "http://localhost:8080/movieplanet/api/movies",
					"protocol": "http",
					"host": [
						"localhost"
					],
					"port": "8080",
					"path": [
						"movieplanet",
						"api",
						"movies"
					]
				}
			},
			"response": []
		},
		{
			"name": "Add Movie 3",
			"event": [
				{
					"listen": "prerequest",
					"script": {
						"id": "0fba2ac2-5939-48a3-91b3-727925af34d2",
						"exec": [
							""
						],
						"type": "text/javascript"
					}
				}
			],
			"request": {
				"method": "POST",
				"header": [
					{
						"description": "charset=utf-8",
						"key": "Content-Type",
						"name": "Content-Type",
						"type": "text",
						"value": "application/json"
					}
				],
				"body": {
					"mode": "raw",
					"raw": "{\r\n\t\"name\" : \"Movie 3\",\r\n\t\"description\" : \"Description 3\"\r\n}"
				},
				"url": {
					"raw": "http://localhost:8080/movieplanet/api/movies",
					"protocol": "http",
					"host": [
						"localhost"
					],
					"port": "8080",
					"path": [
						"movieplanet",
						"api",
						"movies"
					]
				}
			},
			"response": []
		},
		{
			"name": "Add Movie 4",
			"event": [
				{
					"listen": "prerequest",
					"script": {
						"id": "0fba2ac2-5939-48a3-91b3-727925af34d2",
						"exec": [
							""
						],
						"type": "text/javascript"
					}
				}
			],
			"request": {
				"method": "POST",
				"header": [
					{
						"key": "Content-Type",
						"name": "Content-Type",
						"value": "application/json",
						"description": "charset=utf-8",
						"type": "text"
					}
				],
				"body": {
					"mode": "raw",
					"raw": "{\r\n\t\"name\" : \"Movie 4\",\r\n\t\"description\" : \"Description 4\"\r\n}"
				},
				"url": {
					"raw": "http://localhost:8080/movieplanet/api/movies",
					"protocol": "http",
					"host": [
						"localhost"
					],
					"port": "8080",
					"path": [
						"movieplanet",
						"api",
						"movies"
					]
				}
			},
			"response": []
		},
		{
			"name": "Add Movie 5",
			"event": [
				{
					"listen": "prerequest",
					"script": {
						"id": "0fba2ac2-5939-48a3-91b3-727925af34d2",
						"exec": [
							""
						],
						"type": "text/javascript"
					}
				}
			],
			"request": {
				"method": "POST",
				"header": [
					{
						"key": "Content-Type",
						"name": "Content-Type",
						"value": "application/json",
						"description": "charset=utf-8",
						"type": "text"
					}
				],
				"body": {
					"mode": "raw",
					"raw": "{\r\n\t\"name\" : \"Movie 5\",\r\n\t\"description\" : \"Description 5\"\r\n}"
				},
				"url": {
					"raw": "http://localhost:8080/movieplanet/api/movies",
					"protocol": "http",
					"host": [
						"localhost"
					],
					"port": "8080",
					"path": [
						"movieplanet",
						"api",
						"movies"
					]
				}
			},
			"response": []
		},
		{
			"name": "Get all movies",
			"event": [
				{
					"listen": "prerequest",
					"script": {
						"id": "0fba2ac2-5939-48a3-91b3-727925af34d2",
						"exec": [
							""
						],
						"type": "text/javascript"
					}
				}
			],
			"protocolProfileBehavior": {
				"disableBodyPruning": true
			},
			"request": {
				"method": "GET",
				"header": [
					{
						"key": "Content-Type",
						"name": "Content-Type",
						"value": "application/json",
						"description": "charset=utf-8",
						"type": "text"
					}
				],
				"body": {
					"mode": "raw",
					"raw": ""
				},
				"url": {
					"raw": "http://localhost:8080/movieplanet/api/movies/",
					"protocol": "http",
					"host": [
						"localhost"
					],
					"port": "8080",
					"path": [
						"movieplanet",
						"api",
						"movies",
						""
					]
				}
			},
			"response": []
		},
		{
			"name": "Get 4th movie",
			"event": [
				{
					"listen": "prerequest",
					"script": {
						"id": "0fba2ac2-5939-48a3-91b3-727925af34d2",
						"exec": [
							""
						],
						"type": "text/javascript"
					}
				}
			],
			"protocolProfileBehavior": {
				"disableBodyPruning": true
			},
			"request": {
				"method": "GET",
				"header": [
					{
						"key": "Content-Type",
						"name": "Content-Type",
						"value": "application/json",
						"type": "text"
					}
				],
				"body": {
					"mode": "raw",
					"raw": ""
				},
				"url": {
					"raw": "http://localhost:8080/movieplanet/api/movies/4",
					"protocol": "http",
					"host": [
						"localhost"
					],
					"port": "8080",
					"path": [
						"movieplanet",
						"api",
						"movies",
						"4"
					]
				}
			},
			"response": []
		},
		{
			"name": "Edit 4th movie",
			"event": [
				{
					"listen": "prerequest",
					"script": {
						"id": "0fba2ac2-5939-48a3-91b3-727925af34d2",
						"exec": [
							""
						],
						"type": "text/javascript"
					}
				}
			],
			"request": {
				"method": "PUT",
				"header": [
					{
						"key": "Content-Type",
						"name": "Content-Type",
						"value": "application/json",
						"type": "text"
					}
				],
				"body": {
					"mode": "raw",
					"raw": "{\r\n\t\"id\" : 4,\r\n\t\"name\" : \"Movie 4 edited\",\r\n\t\"description\" : \"Description 4 edited\"\r\n}"
				},
				"url": {
					"raw": "http://localhost:8080/movieplanet/api/movies",
					"protocol": "http",
					"host": [
						"localhost"
					],
					"port": "8080",
					"path": [
						"movieplanet",
						"api",
						"movies"
					]
				}
			},
			"response": []
		},
		{
			"name": "Get 4th movie after edit",
			"event": [
				{
					"listen": "prerequest",
					"script": {
						"id": "0fba2ac2-5939-48a3-91b3-727925af34d2",
						"exec": [
							""
						],
						"type": "text/javascript"
					}
				}
			],
			"protocolProfileBehavior": {
				"disableBodyPruning": true
			},
			"request": {
				"method": "GET",
				"header": [
					{
						"key": "Content-Type",
						"name": "Content-Type",
						"value": "application/json",
						"type": "text"
					}
				],
				"body": {
					"mode": "raw",
					"raw": ""
				},
				"url": {
					"raw": "http://localhost:8080/movieplanet/api/movies/4",
					"protocol": "http",
					"host": [
						"localhost"
					],
					"port": "8080",
					"path": [
						"movieplanet",
						"api",
						"movies",
						"4"
					]
				}
			},
			"response": []
		},
		{
			"name": "Add comment to 4th movie",
			"event": [
				{
					"listen": "prerequest",
					"script": {
						"id": "0fba2ac2-5939-48a3-91b3-727925af34d2",
						"exec": [
							""
						],
						"type": "text/javascript"
					}
				}
			],
			"request": {
				"method": "POST",
				"header": [
					{
						"key": "Content-Type",
						"name": "Content-Type",
						"value": "application/json",
						"type": "text"
					}
				],
				"body": {
					"mode": "raw",
					"raw": "My first comment"
				},
				"url": {
					"raw": "http://localhost:8080/movieplanet/api/movies/4/comments",
					"protocol": "http",
					"host": [
						"localhost"
					],
					"port": "8080",
					"path": [
						"movieplanet",
						"api",
						"movies",
						"4",
						"comments"
					]
				}
			},
			"response": []
		},
		{
			"name": "Add comment to 4th movie",
			"event": [
				{
					"listen": "prerequest",
					"script": {
						"id": "0fba2ac2-5939-48a3-91b3-727925af34d2",
						"exec": [
							""
						],
						"type": "text/javascript"
					}
				}
			],
			"request": {
				"method": "POST",
				"header": [
					{
						"key": "Content-Type",
						"name": "Content-Type",
						"value": "application/json",
						"type": "text"
					}
				],
				"body": {
					"mode": "raw",
					"raw": "My second comment"
				},
				"url": {
					"raw": "http://localhost:8080/movieplanet/api/movies/4/comments",
					"protocol": "http",
					"host": [
						"localhost"
					],
					"port": "8080",
					"path": [
						"movieplanet",
						"api",
						"movies",
						"4",
						"comments"
					]
				}
			},
			"response": []
		},
		{
			"name": "Add comment to 4th movie",
			"event": [
				{
					"listen": "prerequest",
					"script": {
						"id": "0fba2ac2-5939-48a3-91b3-727925af34d2",
						"exec": [
							""
						],
						"type": "text/javascript"
					}
				}
			],
			"request": {
				"method": "POST",
				"header": [
					{
						"key": "Content-Type",
						"name": "Content-Type",
						"value": "application/json",
						"type": "text"
					}
				],
				"body": {
					"mode": "raw",
					"raw": "My third comment"
				},
				"url": {
					"raw": "http://localhost:8080/movieplanet/api/movies/4/comments",
					"protocol": "http",
					"host": [
						"localhost"
					],
					"port": "8080",
					"path": [
						"movieplanet",
						"api",
						"movies",
						"4",
						"comments"
					]
				}
			},
			"response": []
		},
		{
			"name": "Add comment to 4th movie",
			"event": [
				{
					"listen": "prerequest",
					"script": {
						"id": "0fba2ac2-5939-48a3-91b3-727925af34d2",
						"exec": [
							""
						],
						"type": "text/javascript"
					}
				}
			],
			"request": {
				"method": "POST",
				"header": [
					{
						"key": "Content-Type",
						"name": "Content-Type",
						"value": "application/json",
						"type": "text"
					}
				],
				"body": {
					"mode": "raw",
					"raw": "My fourth comment"
				},
				"url": {
					"raw": "http://localhost:8080/movieplanet/api/movies/4/comments",
					"protocol": "http",
					"host": [
						"localhost"
					],
					"port": "8080",
					"path": [
						"movieplanet",
						"api",
						"movies",
						"4",
						"comments"
					]
				}
			},
			"response": []
		},
		{
			"name": "Add comment to 4th movie",
			"event": [
				{
					"listen": "prerequest",
					"script": {
						"id": "0fba2ac2-5939-48a3-91b3-727925af34d2",
						"exec": [
							""
						],
						"type": "text/javascript"
					}
				}
			],
			"request": {
				"method": "POST",
				"header": [
					{
						"key": "Content-Type",
						"name": "Content-Type",
						"value": "application/json",
						"type": "text"
					}
				],
				"body": {
					"mode": "raw",
					"raw": "My fifth comment"
				},
				"url": {
					"raw": "http://localhost:8080/movieplanet/api/movies/4/comments",
					"protocol": "http",
					"host": [
						"localhost"
					],
					"port": "8080",
					"path": [
						"movieplanet",
						"api",
						"movies",
						"4",
						"comments"
					]
				}
			},
			"response": []
		},
		{
			"name": "Get all comments from 4th movie",
			"event": [
				{
					"listen": "prerequest",
					"script": {
						"id": "0fba2ac2-5939-48a3-91b3-727925af34d2",
						"exec": [
							""
						],
						"type": "text/javascript"
					}
				}
			],
			"protocolProfileBehavior": {
				"disableBodyPruning": true
			},
			"request": {
				"method": "GET",
				"header": [
					{
						"key": "Content-Type",
						"name": "Content-Type",
						"value": "application/json",
						"type": "text"
					}
				],
				"body": {
					"mode": "raw",
					"raw": ""
				},
				"url": {
					"raw": "http://localhost:8080/movieplanet/api/movies/4/comments",
					"protocol": "http",
					"host": [
						"localhost"
					],
					"port": "8080",
					"path": [
						"movieplanet",
						"api",
						"movies",
						"4",
						"comments"
					]
				}
			},
			"response": []
		},
		{
			"name": "Add actor 1",
			"event": [
				{
					"listen": "prerequest",
					"script": {
						"id": "0fba2ac2-5939-48a3-91b3-727925af34d2",
						"exec": [
							""
						],
						"type": "text/javascript"
					}
				}
			],
			"request": {
				"method": "POST",
				"header": [
					{
						"key": "Content-Type",
						"name": "Content-Type",
						"value": "application/json",
						"description": "charset=utf-8",
						"type": "text"
					}
				],
				"body": {
					"mode": "raw",
					"raw": "{\n        \"name\": \"Norbert\",\n        \"surname\": \"Daniluk\"\n    }"
				},
				"url": {
					"raw": "http://localhost:8080/movieplanet/api/actors",
					"protocol": "http",
					"host": [
						"localhost"
					],
					"port": "8080",
					"path": [
						"movieplanet",
						"api",
						"actors"
					]
				}
			},
			"response": []
		},
		{
			"name": "Add actor 2",
			"event": [
				{
					"listen": "prerequest",
					"script": {
						"id": "0fba2ac2-5939-48a3-91b3-727925af34d2",
						"exec": [
							""
						],
						"type": "text/javascript"
					}
				}
			],
			"request": {
				"method": "POST",
				"header": [
					{
						"key": "Content-Type",
						"name": "Content-Type",
						"value": "application/json",
						"description": "charset=utf-8",
						"type": "text"
					}
				],
				"body": {
					"mode": "raw",
					"raw": "{\n        \"name\": \"Adam\",\n        \"surname\": \"Kowalski\"\n    }"
				},
				"url": {
					"raw": "http://localhost:8080/movieplanet/api/actors",
					"protocol": "http",
					"host": [
						"localhost"
					],
					"port": "8080",
					"path": [
						"movieplanet",
						"api",
						"actors"
					]
				}
			},
			"response": []
		},
		{
			"name": "Add actor 3",
			"event": [
				{
					"listen": "prerequest",
					"script": {
						"id": "0fba2ac2-5939-48a3-91b3-727925af34d2",
						"exec": [
							""
						],
						"type": "text/javascript"
					}
				}
			],
			"request": {
				"method": "POST",
				"header": [
					{
						"key": "Content-Type",
						"name": "Content-Type",
						"value": "application/json",
						"description": "charset=utf-8",
						"type": "text"
					}
				],
				"body": {
					"mode": "raw",
					"raw": "{\n        \"name\": \"Michał\",\n        \"surname\": \"Szczepański\"\n    }"
				},
				"url": {
					"raw": "http://localhost:8080/movieplanet/api/actors",
					"protocol": "http",
					"host": [
						"localhost"
					],
					"port": "8080",
					"path": [
						"movieplanet",
						"api",
						"actors"
					]
				}
			},
			"response": []
		},
		{
			"name": "Add actor 4",
			"event": [
				{
					"listen": "prerequest",
					"script": {
						"id": "0fba2ac2-5939-48a3-91b3-727925af34d2",
						"exec": [
							""
						],
						"type": "text/javascript"
					}
				}
			],
			"request": {
				"method": "POST",
				"header": [
					{
						"key": "Content-Type",
						"name": "Content-Type",
						"value": "application/json",
						"description": "charset=utf-8",
						"type": "text"
					}
				],
				"body": {
					"mode": "raw",
					"raw": "{\n        \"name\": \"Paweł\",\n        \"surname\": \"Dominikański\"\n    }"
				},
				"url": {
					"raw": "http://localhost:8080/movieplanet/api/actors",
					"protocol": "http",
					"host": [
						"localhost"
					],
					"port": "8080",
					"path": [
						"movieplanet",
						"api",
						"actors"
					]
				}
			},
			"response": []
		},
		{
			"name": "Add actor 5",
			"event": [
				{
					"listen": "prerequest",
					"script": {
						"id": "0fba2ac2-5939-48a3-91b3-727925af34d2",
						"exec": [
							""
						],
						"type": "text/javascript"
					}
				}
			],
			"request": {
				"method": "POST",
				"header": [
					{
						"key": "Content-Type",
						"name": "Content-Type",
						"value": "application/json",
						"description": "charset=utf-8",
						"type": "text"
					}
				],
				"body": {
					"mode": "raw",
					"raw": "{\n        \"name\": \"Stefan\",\n        \"surname\": \"Pawłowski\"\n    }"
				},
				"url": {
					"raw": "http://localhost:8080/movieplanet/api/actors",
					"protocol": "http",
					"host": [
						"localhost"
					],
					"port": "8080",
					"path": [
						"movieplanet",
						"api",
						"actors"
					]
				}
			},
			"response": []
		},
		{
			"name": "Get all actors",
			"event": [
				{
					"listen": "prerequest",
					"script": {
						"id": "0fba2ac2-5939-48a3-91b3-727925af34d2",
						"exec": [
							""
						],
						"type": "text/javascript"
					}
				}
			],
			"protocolProfileBehavior": {
				"disableBodyPruning": true
			},
			"request": {
				"method": "GET",
				"header": [
					{
						"key": "Content-Type",
						"name": "Content-Type",
						"value": "application/json",
						"description": "charset=utf-8",
						"type": "text"
					}
				],
				"body": {
					"mode": "raw",
					"raw": ""
				},
				"url": {
					"raw": "http://localhost:8080/movieplanet/api/actors",
					"protocol": "http",
					"host": [
						"localhost"
					],
					"port": "8080",
					"path": [
						"movieplanet",
						"api",
						"actors"
					]
				}
			},
			"response": []
		},
		{
			"name": "Get 4th actor",
			"event": [
				{
					"listen": "prerequest",
					"script": {
						"id": "0fba2ac2-5939-48a3-91b3-727925af34d2",
						"exec": [
							""
						],
						"type": "text/javascript"
					}
				}
			],
			"protocolProfileBehavior": {
				"disableBodyPruning": true
			},
			"request": {
				"method": "GET",
				"header": [
					{
						"key": "Content-Type",
						"name": "Content-Type",
						"value": "application/json",
						"description": "charset=utf-8",
						"type": "text"
					}
				],
				"body": {
					"mode": "raw",
					"raw": ""
				},
				"url": {
					"raw": "http://localhost:8080/movieplanet/api/actors/4",
					"protocol": "http",
					"host": [
						"localhost"
					],
					"port": "8080",
					"path": [
						"movieplanet",
						"api",
						"actors",
						"4"
					]
				}
			},
			"response": []
		},
		{
			"name": "Add actor to 4th movie",
			"event": [
				{
					"listen": "prerequest",
					"script": {
						"id": "0fba2ac2-5939-48a3-91b3-727925af34d2",
						"exec": [
							""
						],
						"type": "text/javascript"
					}
				}
			],
			"request": {
				"method": "POST",
				"header": [
					{
						"key": "Content-Type",
						"name": "Content-Type",
						"value": "application/json",
						"description": "charset=utf-8",
						"type": "text"
					}
				],
				"body": {
					"mode": "raw",
					"raw": ""
				},
				"url": {
					"raw": "http://localhost:8080/movieplanet/api/actors/1/movies/4",
					"protocol": "http",
					"host": [
						"localhost"
					],
					"port": "8080",
					"path": [
						"movieplanet",
						"api",
						"actors",
						"1",
						"movies",
						"4"
					]
				}
			},
			"response": []
		},
		{
			"name": "Add actor to 4th movie",
			"event": [
				{
					"listen": "prerequest",
					"script": {
						"id": "0fba2ac2-5939-48a3-91b3-727925af34d2",
						"exec": [
							""
						],
						"type": "text/javascript"
					}
				}
			],
			"request": {
				"method": "POST",
				"header": [
					{
						"key": "Content-Type",
						"name": "Content-Type",
						"value": "application/json",
						"description": "charset=utf-8",
						"type": "text"
					}
				],
				"body": {
					"mode": "raw",
					"raw": ""
				},
				"url": {
					"raw": "http://localhost:8080/movieplanet/api/actors/2/movies/4",
					"protocol": "http",
					"host": [
						"localhost"
					],
					"port": "8080",
					"path": [
						"movieplanet",
						"api",
						"actors",
						"2",
						"movies",
						"4"
					]
				}
			},
			"response": []
		},
		{
			"name": "Add actor to 4th movie",
			"event": [
				{
					"listen": "prerequest",
					"script": {
						"id": "0fba2ac2-5939-48a3-91b3-727925af34d2",
						"exec": [
							""
						],
						"type": "text/javascript"
					}
				}
			],
			"request": {
				"method": "POST",
				"header": [
					{
						"key": "Content-Type",
						"name": "Content-Type",
						"value": "application/json",
						"description": "charset=utf-8",
						"type": "text"
					}
				],
				"body": {
					"mode": "raw",
					"raw": ""
				},
				"url": {
					"raw": "http://localhost:8080/movieplanet/api/actors/3/movies/4",
					"protocol": "http",
					"host": [
						"localhost"
					],
					"port": "8080",
					"path": [
						"movieplanet",
						"api",
						"actors",
						"3",
						"movies",
						"4"
					]
				}
			},
			"response": []
		},
		{
			"name": "Add actor to 4th movie",
			"event": [
				{
					"listen": "prerequest",
					"script": {
						"id": "0fba2ac2-5939-48a3-91b3-727925af34d2",
						"exec": [
							""
						],
						"type": "text/javascript"
					}
				}
			],
			"request": {
				"method": "POST",
				"header": [
					{
						"key": "Content-Type",
						"name": "Content-Type",
						"value": "application/json",
						"description": "charset=utf-8",
						"type": "text"
					}
				],
				"body": {
					"mode": "raw",
					"raw": ""
				},
				"url": {
					"raw": "http://localhost:8080/movieplanet/api/actors/4/movies/4",
					"protocol": "http",
					"host": [
						"localhost"
					],
					"port": "8080",
					"path": [
						"movieplanet",
						"api",
						"actors",
						"4",
						"movies",
						"4"
					]
				}
			},
			"response": []
		},
		{
			"name": "Add actor to 4th movie",
			"event": [
				{
					"listen": "prerequest",
					"script": {
						"id": "0fba2ac2-5939-48a3-91b3-727925af34d2",
						"exec": [
							""
						],
						"type": "text/javascript"
					}
				}
			],
			"request": {
				"method": "POST",
				"header": [
					{
						"key": "Content-Type",
						"name": "Content-Type",
						"value": "application/json",
						"description": "charset=utf-8",
						"type": "text"
					}
				],
				"body": {
					"mode": "raw",
					"raw": ""
				},
				"url": {
					"raw": "http://localhost:8080/movieplanet/api/actors/5/movies/4",
					"protocol": "http",
					"host": [
						"localhost"
					],
					"port": "8080",
					"path": [
						"movieplanet",
						"api",
						"actors",
						"5",
						"movies",
						"4"
					]
				}
			},
			"response": []
		},
		{
			"name": "Get actors from 4th movie",
			"event": [
				{
					"listen": "prerequest",
					"script": {
						"id": "0fba2ac2-5939-48a3-91b3-727925af34d2",
						"exec": [
							""
						],
						"type": "text/javascript"
					}
				}
			],
			"protocolProfileBehavior": {
				"disableBodyPruning": true
			},
			"request": {
				"method": "GET",
				"header": [
					{
						"key": "Content-Type",
						"name": "Content-Type",
						"value": "application/json",
						"type": "text"
					}
				],
				"body": {
					"mode": "raw",
					"raw": ""
				},
				"url": {
					"raw": "http://localhost:8080/movieplanet/api/movies/4/actors",
					"protocol": "http",
					"host": [
						"localhost"
					],
					"port": "8080",
					"path": [
						"movieplanet",
						"api",
						"movies",
						"4",
						"actors"
					]
				}
			},
			"response": []
		},
		{
			"name": "Get movies from 1st actor",
			"event": [
				{
					"listen": "prerequest",
					"script": {
						"id": "0fba2ac2-5939-48a3-91b3-727925af34d2",
						"exec": [
							""
						],
						"type": "text/javascript"
					}
				}
			],
			"protocolProfileBehavior": {
				"disableBodyPruning": true
			},
			"request": {
				"method": "GET",
				"header": [
					{
						"key": "Content-Type",
						"name": "Content-Type",
						"value": "application/json",
						"type": "text"
					}
				],
				"body": {
					"mode": "raw",
					"raw": ""
				},
				"url": {
					"raw": "http://localhost:8080/movieplanet/api/actors/1/movies",
					"protocol": "http",
					"host": [
						"localhost"
					],
					"port": "8080",
					"path": [
						"movieplanet",
						"api",
						"actors",
						"1",
						"movies"
					]
				}
			},
			"response": []
		},
		{
			"name": "Get all movies",
			"event": [
				{
					"listen": "prerequest",
					"script": {
						"id": "0fba2ac2-5939-48a3-91b3-727925af34d2",
						"exec": [
							""
						],
						"type": "text/javascript"
					}
				}
			],
			"protocolProfileBehavior": {
				"disableBodyPruning": true
			},
			"request": {
				"method": "GET",
				"header": [
					{
						"key": "Content-Type",
						"name": "Content-Type",
						"value": "application/json",
						"description": "charset=utf-8",
						"type": "text"
					}
				],
				"body": {
					"mode": "raw",
					"raw": ""
				},
				"url": {
					"raw": "http://localhost:8080/movieplanet/api/movies/",
					"protocol": "http",
					"host": [
						"localhost"
					],
					"port": "8080",
					"path": [
						"movieplanet",
						"api",
						"movies",
						""
					]
				}
			},
			"response": []
		}
	]
}